reagent_type,top_k,accuracy
coarse_solvent,1,0.5354406130268199
coarse_solvent,2,0.7289272030651341
coarse_solvent,3,0.8448275862068966
coarse_solvent,4,0.9396551724137931
coarse_solvent,5,0.985632183908046
coarse_solvent,6,1.0
base,1,0.8218390804597702
base,2,0.9319923371647509
base,3,0.9683908045977011
base,4,0.985632183908046
base,5,0.9913793103448276
base,6,0.9942528735632183
base,7,1.0
