reagent_type,top_k,accuracy
coarse_solvent,1,0.49808429118773945
coarse_solvent,2,0.7126436781609196
coarse_solvent,3,0.8438697318007663
coarse_solvent,4,0.9176245210727969
coarse_solvent,5,0.9894636015325671
coarse_solvent,6,1.0
base,1,0.8601532567049809
base,2,0.946360153256705
base,3,0.9693486590038314
base,4,0.9779693486590039
base,5,0.9894636015325671
base,6,0.9932950191570882
base,7,1.0
