reagent_type,top_k,accuracy
coarse_solvent,1,0.3898467421531677
coarse_solvent,2,0.5239463448524475
coarse_solvent,3,0.6954023241996765
coarse_solvent,4,0.8659003973007202
coarse_solvent,5,0.9837164878845215
coarse_solvent,6,1.0
base,1,0.8295019268989563
base,2,0.8936781883239746
base,3,0.9367815852165222
base,4,0.9798850417137146
base,5,0.9875478744506836
base,6,0.9942528605461121
base,7,1.0
