reagent_type,top_k,accuracy
coarse_solvent,1,0.5076628352490421
coarse_solvent,2,0.7049808429118773
coarse_solvent,3,0.8390804597701149
coarse_solvent,4,0.9281609195402298
coarse_solvent,5,0.985632183908046
coarse_solvent,6,1.0
base,1,0.8496168582375478
base,2,0.9300766283524904
base,3,0.9741379310344828
base,4,0.9865900383141762
base,5,0.9942528735632183
base,6,0.9961685823754789
base,7,1.0
