reagent_type,top_k,accuracy
coarse_solvent,1,0.5057471264367817
coarse_solvent,2,0.7212643678160919
coarse_solvent,3,0.8400383141762452
coarse_solvent,4,0.9243295019157088
coarse_solvent,5,0.985632183908046
coarse_solvent,6,1.0
base,1,0.842911877394636
base,2,0.9310344827586207
base,3,0.9616858237547893
base,4,0.9837164750957854
base,5,0.9904214559386973
base,6,0.9942528735632183
base,7,1.0
