reagent_type,top_k,accuracy
coarse_solvent,1,0.5095785440613027
coarse_solvent,2,0.7222222222222222
coarse_solvent,3,0.8477011494252874
coarse_solvent,4,0.9329501915708812
coarse_solvent,5,0.9827586206896551
coarse_solvent,6,1.0
base,1,0.8438697318007663
base,2,0.9415708812260536
base,3,0.9779693486590039
base,4,0.9875478927203065
base,5,0.9952107279693486
base,6,0.9980842911877394
base,7,1.0
