reagent_type,top_k,accuracy
coarse_solvent,1,0.49616858237547895
coarse_solvent,2,0.7155172413793104
coarse_solvent,3,0.8467432950191571
coarse_solvent,4,0.9396551724137931
coarse_solvent,5,0.9865900383141762
coarse_solvent,6,1.0
base,1,0.8333333333333334
base,2,0.9348659003831418
base,3,0.9655172413793104
base,4,0.9798850574712644
base,5,0.9875478927203065
base,6,0.9942528735632183
base,7,1.0
