reagent_type,top_k,accuracy
coarse_solvent,1,0.38926174496644295
coarse_solvent,2,0.6356663470757431
coarse_solvent,3,0.7698945349952061
coarse_solvent,4,0.8926174496644296
coarse_solvent,5,0.9846596356663471
coarse_solvent,6,1.0
base,1,0.8130393096836049
base,2,0.8897411313518696
base,3,0.9463087248322147
base,4,0.9856184084372004
base,5,0.9884947267497604
base,6,0.9961649089165868
base,7,1.0
