reagent_type,top_k,accuracy
coarse_solvent,1,0.5119846596356663
coarse_solvent,2,0.697986577181208
coarse_solvent,3,0.8485139022051774
coarse_solvent,4,0.9280920421860019
coarse_solvent,5,0.9846596356663471
coarse_solvent,6,1.0
base,1,0.8437200383509108
base,2,0.9232981783317353
base,3,0.9702780441035475
base,4,0.9817833173537871
base,5,0.9913710450623202
base,6,0.9980824544582934
base,7,1.0
