reagent_type,top_k,accuracy
coarse_solvent,1,0.5191570881226054
coarse_solvent,2,0.7174329501915708
coarse_solvent,3,0.8438697318007663
coarse_solvent,4,0.9204980842911877
coarse_solvent,5,0.9846743295019157
coarse_solvent,6,1.0
base,1,0.8419540229885057
base,2,0.9329501915708812
base,3,0.9722222222222222
base,4,0.9865900383141762
base,5,0.9942528735632183
base,6,0.9952107279693486
base,7,1.0
