reagent_type,top_k,accuracy
coarse_solvent,1,0.5
coarse_solvent,2,0.7145593869731801
coarse_solvent,3,0.8486590038314177
coarse_solvent,4,0.9319923371647509
coarse_solvent,5,0.985632183908046
coarse_solvent,6,1.0
base,1,0.8342911877394636
base,2,0.9291187739463601
base,3,0.9626436781609196
base,4,0.9818007662835249
base,5,0.9894636015325671
base,6,0.9961685823754789
base,7,1.0
