reagent_type,top_k,accuracy
coarse_solvent,1,0.5114942528735632
coarse_solvent,2,0.7126436781609196
coarse_solvent,3,0.8448275862068966
coarse_solvent,4,0.9243295019157088
coarse_solvent,5,0.9846743295019157
coarse_solvent,6,1.0
base,1,0.853448275862069
base,2,0.9367816091954023
base,3,0.9693486590038314
base,4,0.9846743295019157
base,5,0.9932950191570882
base,6,0.9971264367816092
base,7,1.0
