reagent_type,top_k,accuracy
coarse_solvent,1,0.524904214559387
coarse_solvent,2,0.7183908045977011
coarse_solvent,3,0.8362068965517241
coarse_solvent,4,0.921455938697318
coarse_solvent,5,0.985632183908046
coarse_solvent,6,1.0
base,1,0.8524904214559387
base,2,0.9425287356321839
base,3,0.9674329501915708
base,4,0.9837164750957854
base,5,0.9894636015325671
base,6,0.9961685823754789
base,7,1.0
