reagent_type,top_k,accuracy
coarse_solvent,1,0.5095785440613027
coarse_solvent,2,0.696360153256705
coarse_solvent,3,0.8400383141762452
coarse_solvent,4,0.9233716475095786
coarse_solvent,5,0.9875478927203065
coarse_solvent,6,1.0
base,1,0.8582375478927203
base,2,0.9377394636015326
base,3,0.9626436781609196
base,4,0.9875478927203065
base,5,0.9913793103448276
base,6,0.9942528735632183
base,7,1.0
