reagent_type,top_k,accuracy
coarse_solvent,1,0.4683907926082611
coarse_solvent,2,0.6762452125549316
coarse_solvent,3,0.8247126340866089
coarse_solvent,4,0.9300765991210938
coarse_solvent,5,0.9789271950721741
coarse_solvent,6,1.0
base,1,0.8515325784683228
base,2,0.9157088398933411
base,3,0.959770143032074
base,4,0.9808428883552551
base,5,0.99042147397995
base,6,0.9961685538291931
base,7,1.0
