metric_name,value
fine_solvent_macro_precision,0.029914529914529916
fine_solvent_macro_recall,0.07692307692307693
fine_solvent_micro_f1,0.3888888888888889
fine_solvent_macro_f1,0.04307692307692308
base_macro_precision,0.11466885604816639
base_macro_recall,0.14285714285714285
base_micro_f1,0.8026819923371648
base_macro_f1,0.12722028237437377
