reagent_type,top_k,accuracy
coarse_solvent,1,0.539272030651341
coarse_solvent,2,0.7385057471264368
coarse_solvent,3,0.8630268199233716
coarse_solvent,4,0.9348659003831418
coarse_solvent,5,0.985632183908046
coarse_solvent,6,1.0
base,1,0.8544061302681992
base,2,0.9521072796934866
base,3,0.9770114942528736
base,4,0.9894636015325671
base,5,0.9961685823754789
base,6,0.9971264367816092
base,7,1.0
