reagent_type,top_k,accuracy
coarse_solvent,1,0.4204980731010437
coarse_solvent,2,0.6312260627746582
coarse_solvent,3,0.7873563170433044
coarse_solvent,4,0.9013410210609436
coarse_solvent,5,0.9789271950721741
coarse_solvent,6,1.0
base,1,0.8342911601066589
base,2,0.9243295192718506
base,3,0.9645593762397766
base,4,0.9779693484306335
base,5,0.9875478744506836
base,6,0.9942528605461121
base,7,1.0
