reagent_type,top_k,accuracy
coarse_solvent,1,0.5340364333652924
coarse_solvent,2,0.725790987535954
coarse_solvent,3,0.8465963566634708
coarse_solvent,4,0.9280920421860019
coarse_solvent,5,0.9846596356663471
coarse_solvent,6,1.0
base,1,0.8475551294343241
base,2,0.9319271332694151
base,3,0.9674017257909875
base,4,0.9798657718120806
base,5,0.987535953978907
base,6,0.9961649089165868
base,7,1.0
