reagent_type,top_k,accuracy
coarse_solvent,1,0.38926174496644295
coarse_solvent,2,0.6356663470757431
coarse_solvent,3,0.7698945349952061
coarse_solvent,4,0.8926174496644296
coarse_solvent,5,0.9846596356663471
coarse_solvent,6,1.0
base,1,0.8092042186001918
base,2,0.8849472674976031
base,3,0.9405560882070949
base,4,0.9769894534995206
base,5,0.9846596356663471
base,6,0.9980824544582934
base,7,1.0
