reagent_type,top_k,accuracy
coarse_solvent,1,0.4932950191570881
coarse_solvent,2,0.6992337164750958
coarse_solvent,3,0.8390804597701149
coarse_solvent,4,0.9310344827586207
coarse_solvent,5,0.9894636015325671
coarse_solvent,6,1.0
base,1,0.8352490421455939
base,2,0.9319923371647509
base,3,0.9626436781609196
base,4,0.9875478927203065
base,5,0.9923371647509579
base,6,0.9961685823754789
base,7,1.0
