reagent_type,top_k,accuracy
coarse_solvent,1,0.5186960690316395
coarse_solvent,2,0.7123681687440077
coarse_solvent,3,0.8475551294343241
coarse_solvent,4,0.9309683604985618
coarse_solvent,5,0.9865771812080537
coarse_solvent,6,1.0
base,1,0.8427612655800575
base,2,0.9309683604985618
base,3,0.9674017257909875
base,4,0.9904122722914669
base,5,0.9942473633748802
base,6,0.9980824544582934
base,7,1.0
