reagent_type,top_k,accuracy
coarse_solvent,1,0.49808429118773945
coarse_solvent,2,0.7097701149425287
coarse_solvent,3,0.8477011494252874
coarse_solvent,4,0.9281609195402298
coarse_solvent,5,0.9837164750957854
coarse_solvent,6,1.0
base,1,0.8477011494252874
base,2,0.9348659003831418
base,3,0.9722222222222222
base,4,0.9837164750957854
base,5,0.9904214559386973
base,6,0.9942528735632183
base,7,1.0
