reagent_type,top_k,accuracy
coarse_solvent,1,0.38984674329501917
coarse_solvent,2,0.6360153256704981
coarse_solvent,3,0.7701149425287356
coarse_solvent,4,0.8908045977011494
coarse_solvent,5,0.9837164750957854
coarse_solvent,6,1.0
base,1,0.8151340996168582
base,2,0.8879310344827587
base,3,0.9482758620689655
base,4,0.9789272030651341
base,5,0.9865900383141762
base,6,0.9971264367816092
base,7,1.0
