reagent_type,top_k,accuracy
coarse_solvent,1,0.5114942528735632
coarse_solvent,2,0.6934865900383141
coarse_solvent,3,0.842911877394636
coarse_solvent,4,0.9243295019157088
coarse_solvent,5,0.985632183908046
coarse_solvent,6,1.0
base,1,0.8448275862068966
base,2,0.9300766283524904
base,3,0.9703065134099617
base,4,0.9827586206896551
base,5,0.9904214559386973
base,6,0.9952107279693486
base,7,1.0
