reagent_type,top_k,accuracy
coarse_solvent,1,0.38984674329501917
coarse_solvent,2,0.6350574712643678
coarse_solvent,3,0.7691570881226054
coarse_solvent,4,0.8917624521072797
coarse_solvent,5,0.9837164750957854
coarse_solvent,6,1.0
base,1,0.8237547892720306
base,2,0.8975095785440613
base,3,0.9578544061302682
base,4,0.9846743295019157
base,5,0.9932950191570882
base,6,0.9971264367816092
base,7,1.0
