metric_name,value
coarse_solvent_macro_precision,0.7615904313993688
coarse_solvent_macro_recall,0.27780688506294804
coarse_solvent_micro_f1,0.49712643678160917
coarse_solvent_macro_f1,0.2875466981580371
base_macro_precision,0.4780550774526678
base_macro_recall,0.2560080899984684
base_micro_f1,0.8457854406130269
base_macro_f1,0.29994731223740867
