reagent_type,top_k,accuracy
coarse_solvent,1,0.48946359753608704
coarse_solvent,2,0.7011494040489197
coarse_solvent,3,0.8438697457313538
coarse_solvent,4,0.9300765991210938
coarse_solvent,5,0.9731800556182861
coarse_solvent,6,1.0
base,1,0.8314176201820374
base,2,0.9214559197425842
base,3,0.9703065156936646
base,4,0.9856321811676025
base,5,0.992337167263031
base,6,0.9971264600753784
base,7,1.0
