reagent_type,top_k,accuracy
coarse_solvent,1,0.5009578466415405
coarse_solvent,2,0.6944444179534912
coarse_solvent,3,0.8419540524482727
coarse_solvent,4,0.9176245331764221
coarse_solvent,5,0.977011501789093
coarse_solvent,6,1.0
base,1,0.8256704807281494
base,2,0.9262452125549316
base,3,0.9626436829566956
base,4,0.977011501789093
base,5,0.9894636273384094
base,6,0.9952107071876526
base,7,1.0
